link_mult,decoded_success_prob
1.0,0.926
1.5,0.896125
2.0,0.8635
3.0,0.800875
5.0,0.7105
8.0,0.590625
12.0,0.478
